<?xml version="1.0"?>
<metadata xml:lang="es"><Esri><CreaDate>20140401</CreaDate><CreaTime>21445800</CreaTime><ArcGISFormat>1.0</ArcGISFormat><SyncOnce>FALSE</SyncOnce><DataProperties><lineage><Process ToolSource="J:\Archivos de programa\ArcGIS\Desktop10.0\ArcToolbox\Toolboxes\Data Management Tools.tbx\CalculateField" Date="20131015" Time="151358">CalculateField PAR_2012 ANO 2012 VB #</Process><Process ToolSource="J:\Archivos de programa\ArcGIS\Desktop10.0\ArcToolbox\Toolboxes\Data Management Tools.tbx\CalculateField" Date="20131015" Time="151407">CalculateField PAR_2012 AMBITO 1 VB #</Process><Process ToolSource="j:\archivos de programa\arcgis\desktop10.0\ArcToolbox\Toolboxes\Conversion Tools.tbx\FeatureClassToFeatureClass" Date="20131015" Time="155902">FeatureClassToFeatureClass C:\2012\TRANSFERENCIAS\MIN_AMBIENTE\PARQUES.gdb\PAR_NAL\PAR_2012 "Database Connections\Sigot_Produccion.sde\sigot.SDE.DIM_AMBIENTAL" DIM_AMBIENTAL_2 # "REGIONAL "REGIONAL" true false false 25 Text 0 0 ,First,#,C:\2012\TRANSFERENCIAS\MIN_AMBIENTE\PARQUES.gdb\PAR_NAL\PAR_2012,REGIONAL,-1,-1;CONCESION "CONCESION" true false false 20 Text 0 0 ,First,#,C:\2012\TRANSFERENCIAS\MIN_AMBIENTE\PARQUES.gdb\PAR_NAL\PAR_2012,CONCESION,-1,-1;CATEG_CARA "CATEG_CARA" true false false 254 Text 0 0 ,First,#,C:\2012\TRANSFERENCIAS\MIN_AMBIENTE\PARQUES.gdb\PAR_NAL\PAR_2012,CATEG_CARA,-1,-1;ECOTUR_OBS "ECOTUR_OBS" true false false 254 Text 0 0 ,First,#,C:\2012\TRANSFERENCIAS\MIN_AMBIENTE\PARQUES.gdb\PAR_NAL\PAR_2012,ECOTUR_OBS,-1,-1;CONSEC_OBS "CONSEC_OBS" true false false 100 Text 0 0 ,First,#,C:\2012\TRANSFERENCIAS\MIN_AMBIENTE\PARQUES.gdb\PAR_NAL\PAR_2012,CONSEC_OBS,-1,-1;ID_SIGLA_P "ID_SIGLA_P" true false false 7 Text 0 0 ,First,#,C:\2012\TRANSFERENCIAS\MIN_AMBIENTE\PARQUES.gdb\PAR_NAL\PAR_2012,ID_SIGLA_P,-1,-1;NOM_PARQUE "NOM_PARQUE" true false false 50 Text 0 0 ,First,#,C:\2012\TRANSFERENCIAS\MIN_AMBIENTE\PARQUES.gdb\PAR_NAL\PAR_2012,NOM_PARQUE,-1,-1;URL "URL" true false false 250 Text 0 0 ,First,#,C:\2012\TRANSFERENCIAS\MIN_AMBIENTE\PARQUES.gdb\PAR_NAL\PAR_2012,URL,-1,-1;COD_PARQUE "COD_PARQUE" true false false 9 Text 0 0 ,First,#,C:\2012\TRANSFERENCIAS\MIN_AMBIENTE\PARQUES.gdb\PAR_NAL\PAR_2012,COD_PARQUE,-1,-1;CATEGORIA "CATEGORIA" true false false 40 Text 0 0 ,First,#,C:\2012\TRANSFERENCIAS\MIN_AMBIENTE\PARQUES.gdb\PAR_NAL\PAR_2012,CATEGORIA,-1,-1;UBICACION "UBICACION" true false false 41 Text 0 0 ,First,#,C:\2012\TRANSFERENCIAS\MIN_AMBIENTE\PARQUES.gdb\PAR_NAL\PAR_2012,UBICACION,-1,-1;AREA_RESOL "AREA_RESOL" true false false 11 Text 0 0 ,First,#,C:\2012\TRANSFERENCIAS\MIN_AMBIENTE\PARQUES.gdb\PAR_NAL\PAR_2012,AREA_RESOL,-1,-1;ALT_MIN_MA "ALT_MIN_MA" true false false 8 Double 0 0 ,First,#,C:\2012\TRANSFERENCIAS\MIN_AMBIENTE\PARQUES.gdb\PAR_NAL\PAR_2012,ALT_MIN_MA,-1,-1;ALT_MAX_MA "ALT_MAX_MA" true false false 8 Double 0 0 ,First,#,C:\2012\TRANSFERENCIAS\MIN_AMBIENTE\PARQUES.gdb\PAR_NAL\PAR_2012,ALT_MAX_MA,-1,-1;NORMA_CREA "NORMA_CREA" true false false 50 Text 0 0 ,First,#,C:\2012\TRANSFERENCIAS\MIN_AMBIENTE\PARQUES.gdb\PAR_NAL\PAR_2012,NORMA_CREA,-1,-1;INFRA_ECOT "INFRA_ECOT" true false false 10 Text 0 0 ,First,#,C:\2012\TRANSFERENCIAS\MIN_AMBIENTE\PARQUES.gdb\PAR_NAL\PAR_2012,INFRA_ECOT,-1,-1;ANO "ANO" true false false 4 Long 0 0 ,First,#,C:\2012\TRANSFERENCIAS\MIN_AMBIENTE\PARQUES.gdb\PAR_NAL\PAR_2012,ANO,-1,-1;AMBITO "AMBITO" true false false 4 Long 0 0 ,First,#,C:\2012\TRANSFERENCIAS\MIN_AMBIENTE\PARQUES.gdb\PAR_NAL\PAR_2012,AMBITO,-1,-1;ESTADO "ESTADO" true false false 7 Text 0 0 ,First,#,C:\2012\TRANSFERENCIAS\MIN_AMBIENTE\PARQUES.gdb\PAR_NAL\PAR_2012,ESTADO,-1,-1;TIPO_INFRA "TIPO_INFRA" true false false 254 Text 0 0 ,First,#,C:\2012\TRANSFERENCIAS\MIN_AMBIENTE\PARQUES.gdb\PAR_NAL\PAR_2012,TIPO_INFRA,-1,-1;Area_Km "Area_Km" true false false 8 Double 0 0 ,First,#,C:\2012\TRANSFERENCIAS\MIN_AMBIENTE\PARQUES.gdb\PAR_NAL\PAR_2012,Area_Km,-1,-1;SHAPE_Length "SHAPE_Length" false true true 8 Double 0 0 ,First,#,C:\2012\TRANSFERENCIAS\MIN_AMBIENTE\PARQUES.gdb\PAR_NAL\PAR_2012,SHAPE_Length,-1,-1;SHAPE_Area "SHAPE_Area" false true true 8 Double 0 0 ,First,#,C:\2012\TRANSFERENCIAS\MIN_AMBIENTE\PARQUES.gdb\PAR_NAL\PAR_2012,SHAPE_Area,-1,-1" #</Process></lineage><itemProps><itemName Sync="TRUE">sigot.SDE.DIM_AMBIENTAL_2</itemName><imsContentType Sync="TRUE">002</imsContentType><itemLocation><linkage Sync="TRUE">Server=srvsigotnal; Service=5153; Database=sigot; User=sde; Version=sde.DEFAULT</linkage><protocol Sync="TRUE">ArcSDE Connection</protocol></itemLocation></itemProps><coordRef><type Sync="TRUE">Projected</type><geogcsn Sync="TRUE">CGS_SIRGAS</geogcsn><csUnits Sync="TRUE">Linear Unit: Meter (1.000000)</csUnits><projcsn Sync="TRUE">GAUSS_BTA_MAGNA</projcsn><peXml Sync="TRUE">&lt;ProjectedCoordinateSystem xsi:type='typens:ProjectedCoordinateSystem' xmlns:xsi='http://www.w3.org/2001/XMLSchema-instance' xmlns:xs='http://www.w3.org/2001/XMLSchema' xmlns:typens='http://www.esri.com/schemas/ArcGIS/10.0'&gt;&lt;WKT&gt;PROJCS[&amp;quot;GAUSS_BTA_MAGNA&amp;quot;,GEOGCS[&amp;quot;CGS_SIRGAS&amp;quot;,DATUM[&amp;quot;CGS_SIRGAS&amp;quot;,SPHEROID[&amp;quot;GRS_1980&amp;quot;,6378137.0,298.257222101]],PRIMEM[&amp;quot;Greenwich&amp;quot;,0.0],UNIT[&amp;quot;Degree&amp;quot;,0.0174532925199433]],PROJECTION[&amp;quot;Transverse_Mercator&amp;quot;],PARAMETER[&amp;quot;False_Easting&amp;quot;,1000000.0],PARAMETER[&amp;quot;False_Northing&amp;quot;,1000000.0],PARAMETER[&amp;quot;Central_Meridian&amp;quot;,-74.077507917],PARAMETER[&amp;quot;Scale_Factor&amp;quot;,1.0],PARAMETER[&amp;quot;Latitude_Of_Origin&amp;quot;,4.596200417],UNIT[&amp;quot;Meter&amp;quot;,1.0]]&lt;/WKT&gt;&lt;XOrigin&gt;-4623199.998831043&lt;/XOrigin&gt;&lt;YOrigin&gt;-9510299.9973023199&lt;/YOrigin&gt;&lt;XYScale&gt;7812.4999927240415&lt;/XYScale&gt;&lt;ZOrigin&gt;0&lt;/ZOrigin&gt;&lt;ZScale&gt;1&lt;/ZScale&gt;&lt;MOrigin&gt;0&lt;/MOrigin&gt;&lt;MScale&gt;1&lt;/MScale&gt;&lt;XYTolerance&gt;0.008192000007629395&lt;/XYTolerance&gt;&lt;ZTolerance&gt;0.001&lt;/ZTolerance&gt;&lt;MTolerance&gt;2.0000000000000002e-005&lt;/MTolerance&gt;&lt;HighPrecision&gt;true&lt;/HighPrecision&gt;&lt;/ProjectedCoordinateSystem&gt;</peXml></coordRef></DataProperties><SyncDate>20131015</SyncDate><SyncTime>15585200</SyncTime><ModDate>20131015</ModDate><ModTime>15585200</ModTime><MetaID>{74F6B50C-3360-4070-AA0F-34A1EB2E6640}</MetaID></Esri><dataIdInfo><envirDesc Sync="TRUE">Microsoft Windows XP Version 5.1 (Build 2600) Service Pack 3; ESRI ArcGIS 10.0.4.4000</envirDesc><dataLang><languageCode value="es" Sync="TRUE"></languageCode><countryCode value="CO" Sync="TRUE"></countryCode></dataLang><idCitation><resTitle Sync="TRUE">sigot.SDE.DIM_AMBIENTAL_2</resTitle><presForm><PresFormCd value="005" Sync="TRUE"></PresFormCd></presForm></idCitation><spatRpType><SpatRepTypCd value="001" Sync="TRUE"></SpatRepTypCd></spatRpType></dataIdInfo><mdLang><languageCode value="es" Sync="TRUE"></languageCode><countryCode value="CO" Sync="TRUE"></countryCode></mdLang><distInfo><distFormat><formatName Sync="TRUE">SDE Feature Class</formatName></distFormat></distInfo><mdHrLv><ScopeCd value="005" Sync="TRUE"></ScopeCd></mdHrLv><mdHrLvName Sync="TRUE">dataset</mdHrLvName><refSysInfo><RefSystem><refSysID><identCode code="0" Sync="TRUE"></identCode></refSysID></RefSystem></refSysInfo><spatRepInfo><VectSpatRep><geometObjs Name="sigot.SDE.DIM_AMBIENTAL_2"><geoObjTyp><GeoObjTypCd value="002" Sync="TRUE"></GeoObjTypCd></geoObjTyp><geoObjCnt Sync="TRUE">0</geoObjCnt></geometObjs><topLvl><TopoLevCd value="001" Sync="TRUE"></TopoLevCd></topLvl></VectSpatRep></spatRepInfo><spdoinfo><ptvctinf><esriterm><efeatyp Sync="TRUE">Simple</efeatyp><efeageom code="4" Sync="TRUE"></efeageom><esritopo Sync="TRUE">FALSE</esritopo><efeacnt Sync="TRUE">0</efeacnt><spindex Sync="TRUE">TRUE</spindex><linrefer Sync="TRUE">FALSE</linrefer></esriterm></ptvctinf></spdoinfo><eainfo><detailed Name="sigot.SDE.DIM_AMBIENTAL_2"><enttyp><enttypl Sync="TRUE">sigot.SDE.DIM_AMBIENTAL_2</enttypl><enttypt Sync="TRUE">Feature Class</enttypt><enttypc Sync="TRUE">0</enttypc></enttyp><attr><attrlabl Sync="TRUE">OBJECTID</attrlabl><attalias Sync="TRUE">OBJECTID</attalias><attrtype Sync="TRUE">OID</attrtype><attwidth Sync="TRUE">4</attwidth><atprecis Sync="TRUE">10</atprecis><attscale Sync="TRUE">0</attscale><attrdef Sync="TRUE">Internal feature number.</attrdef><attrdefs Sync="TRUE">ESRI</attrdefs><attrdomv><udom Sync="TRUE">Sequential unique whole numbers that are automatically generated.</udom></attrdomv></attr><attr><attrlabl Sync="TRUE">REGIONAL</attrlabl><attalias Sync="TRUE">REGIONAL</attalias><attrtype Sync="TRUE">String</attrtype><attwidth Sync="TRUE">25</attwidth><atprecis Sync="TRUE">0</atprecis><attscale Sync="TRUE">0</attscale></attr><attr><attrlabl Sync="TRUE">CONCESION</attrlabl><attalias Sync="TRUE">CONCESION</attalias><attrtype Sync="TRUE">String</attrtype><attwidth Sync="TRUE">20</attwidth><atprecis Sync="TRUE">0</atprecis><attscale Sync="TRUE">0</attscale></attr><attr><attrlabl Sync="TRUE">CATEG_CARA</attrlabl><attalias Sync="TRUE">CATEG_CARA</attalias><attrtype Sync="TRUE">String</attrtype><attwidth Sync="TRUE">254</attwidth><atprecis Sync="TRUE">0</atprecis><attscale Sync="TRUE">0</attscale></attr><attr><attrlabl Sync="TRUE">ECOTUR_OBS</attrlabl><attalias Sync="TRUE">ECOTUR_OBS</attalias><attrtype Sync="TRUE">String</attrtype><attwidth Sync="TRUE">254</attwidth><atprecis Sync="TRUE">0</atprecis><attscale Sync="TRUE">0</attscale></attr><attr><attrlabl Sync="TRUE">CONSEC_OBS</attrlabl><attalias Sync="TRUE">CONSEC_OBS</attalias><attrtype Sync="TRUE">String</attrtype><attwidth Sync="TRUE">100</attwidth><atprecis Sync="TRUE">0</atprecis><attscale Sync="TRUE">0</attscale></attr><attr><attrlabl Sync="TRUE">ID_SIGLA_P</attrlabl><attalias Sync="TRUE">ID_SIGLA_P</attalias><attrtype Sync="TRUE">String</attrtype><attwidth Sync="TRUE">7</attwidth><atprecis Sync="TRUE">0</atprecis><attscale Sync="TRUE">0</attscale></attr><attr><attrlabl Sync="TRUE">NOM_PARQUE</attrlabl><attalias Sync="TRUE">NOM_PARQUE</attalias><attrtype Sync="TRUE">String</attrtype><attwidth Sync="TRUE">50</attwidth><atprecis Sync="TRUE">0</atprecis><attscale Sync="TRUE">0</attscale></attr><attr><attrlabl Sync="TRUE">URL</attrlabl><attalias Sync="TRUE">URL</attalias><attrtype Sync="TRUE">String</attrtype><attwidth Sync="TRUE">250</attwidth><atprecis Sync="TRUE">0</atprecis><attscale Sync="TRUE">0</attscale></attr><attr><attrlabl Sync="TRUE">COD_PARQUE</attrlabl><attalias Sync="TRUE">COD_PARQUE</attalias><attrtype Sync="TRUE">String</attrtype><attwidth Sync="TRUE">9</attwidth><atprecis Sync="TRUE">0</atprecis><attscale Sync="TRUE">0</attscale></attr><attr><attrlabl Sync="TRUE">CATEGORIA</attrlabl><attalias Sync="TRUE">CATEGORIA</attalias><attrtype Sync="TRUE">String</attrtype><attwidth Sync="TRUE">40</attwidth><atprecis Sync="TRUE">0</atprecis><attscale Sync="TRUE">0</attscale></attr><attr><attrlabl Sync="TRUE">UBICACION</attrlabl><attalias Sync="TRUE">UBICACION</attalias><attrtype Sync="TRUE">String</attrtype><attwidth Sync="TRUE">41</attwidth><atprecis Sync="TRUE">0</atprecis><attscale Sync="TRUE">0</attscale></attr><attr><attrlabl Sync="TRUE">AREA_RESOL</attrlabl><attalias Sync="TRUE">AREA_RESOL</attalias><attrtype Sync="TRUE">String</attrtype><attwidth Sync="TRUE">11</attwidth><atprecis Sync="TRUE">0</atprecis><attscale Sync="TRUE">0</attscale></attr><attr><attrlabl Sync="TRUE">ALT_MIN_MA</attrlabl><attalias Sync="TRUE">ALT_MIN_MA</attalias><attrtype Sync="TRUE">Double</attrtype><attwidth Sync="TRUE">8</attwidth><atprecis Sync="TRUE">38</atprecis><attscale Sync="TRUE">8</attscale></attr><attr><attrlabl Sync="TRUE">ALT_MAX_MA</attrlabl><attalias Sync="TRUE">ALT_MAX_MA</attalias><attrtype Sync="TRUE">Double</attrtype><attwidth Sync="TRUE">8</attwidth><atprecis Sync="TRUE">38</atprecis><attscale Sync="TRUE">8</attscale></attr><attr><attrlabl Sync="TRUE">NORMA_CREA</attrlabl><attalias Sync="TRUE">NORMA_CREA</attalias><attrtype Sync="TRUE">String</attrtype><attwidth Sync="TRUE">50</attwidth><atprecis Sync="TRUE">0</atprecis><attscale Sync="TRUE">0</attscale></attr><attr><attrlabl Sync="TRUE">INFRA_ECOT</attrlabl><attalias Sync="TRUE">INFRA_ECOT</attalias><attrtype Sync="TRUE">String</attrtype><attwidth Sync="TRUE">10</attwidth><atprecis Sync="TRUE">0</atprecis><attscale Sync="TRUE">0</attscale></attr><attr><attrlabl Sync="TRUE">ANO</attrlabl><attalias Sync="TRUE">ANO</attalias><attrtype Sync="TRUE">Integer</attrtype><attwidth Sync="TRUE">4</attwidth><atprecis Sync="TRUE">10</atprecis><attscale Sync="TRUE">0</attscale></attr><attr><attrlabl Sync="TRUE">AMBITO</attrlabl><attalias Sync="TRUE">AMBITO</attalias><attrtype Sync="TRUE">Integer</attrtype><attwidth Sync="TRUE">4</attwidth><atprecis Sync="TRUE">10</atprecis><attscale Sync="TRUE">0</attscale></attr><attr><attrlabl Sync="TRUE">ESTADO</attrlabl><attalias Sync="TRUE">ESTADO</attalias><attrtype Sync="TRUE">String</attrtype><attwidth Sync="TRUE">7</attwidth><atprecis Sync="TRUE">0</atprecis><attscale Sync="TRUE">0</attscale></attr><attr><attrlabl Sync="TRUE">TIPO_INFRA</attrlabl><attalias Sync="TRUE">TIPO_INFRA</attalias><attrtype Sync="TRUE">String</attrtype><attwidth Sync="TRUE">254</attwidth><atprecis Sync="TRUE">0</atprecis><attscale Sync="TRUE">0</attscale></attr><attr><attrlabl Sync="TRUE">Area_Km</attrlabl><attalias Sync="TRUE">Area_Km</attalias><attrtype Sync="TRUE">Double</attrtype><attwidth Sync="TRUE">8</attwidth><atprecis Sync="TRUE">38</atprecis><attscale Sync="TRUE">8</attscale></attr><attr><attrlabl Sync="TRUE">Shape</attrlabl><attalias Sync="TRUE">Shape</attalias><attrtype Sync="TRUE">Geometry</attrtype><attwidth Sync="TRUE">4</attwidth><atprecis Sync="TRUE">0</atprecis><attscale Sync="TRUE">0</attscale><attrdef Sync="TRUE">Feature geometry.</attrdef><attrdefs Sync="TRUE">ESRI</attrdefs><attrdomv><udom Sync="TRUE">Coordinates defining the features.</udom></attrdomv></attr><attr><attrlabl Sync="TRUE">Shape.area</attrlabl><attalias Sync="TRUE">Shape.area</attalias><attrtype Sync="TRUE">Double</attrtype><attwidth Sync="TRUE">0</attwidth><atprecis Sync="TRUE">0</atprecis><attscale Sync="TRUE">0</attscale></attr><attr><attrlabl Sync="TRUE">Shape.len</attrlabl><attalias Sync="TRUE">Shape.len</attalias><attrtype Sync="TRUE">Double</attrtype><attwidth Sync="TRUE">0</attwidth><atprecis Sync="TRUE">0</atprecis><attscale Sync="TRUE">0</attscale></attr></detailed></eainfo><mdDateSt Sync="TRUE">20131015</mdDateSt><idinfo><citation><citeinfo><onlink Sync="TRUE"></onlink></citeinfo></citation></idinfo><dataqual><lineage><procstep><procdesc Sync="TRUE">Dataset copied.</procdesc><srcused Sync="TRUE">Server=srvsigotnal; Service=5153; Database=sigot; User=sde; Version=sde.DEFAULT</srcused><date Sync="TRUE">20140401</date><time Sync="TRUE">21445800</time></procstep></lineage></dataqual></metadata>
