<?xml version="1.0"?>
<metadata xml:lang="es"><Esri><CreaDate>20140401</CreaDate><CreaTime>22410200</CreaTime><ArcGISFormat>1.0</ArcGISFormat><SyncOnce>FALSE</SyncOnce><DataProperties><lineage><Process ToolSource="C:\Program Files\ArcGIS\Desktop10.0\ArcToolbox\Toolboxes\Data Management Tools.tbx\CalculateField" Date="20130402" Time="105252">CalculateField Resguardo_Indigena_SIGOT ANO 2012 VB #</Process><Process ToolSource="C:\Program Files\ArcGIS\Desktop10.0\ArcToolbox\Toolboxes\Data Management Tools.tbx\CalculateField" Date="20130402" Time="105259">CalculateField Resguardo_Indigena_SIGOT AMBITO 1 VB #</Process><Process ToolSource="C:\Program Files\ArcGIS\Desktop10.0\ArcToolbox\Toolboxes\Conversion Tools.tbx\FeatureClassToFeatureClass" Date="20130402" Time="111818">FeatureClassToFeatureClass D:\2012\TRANSFERENCIAS\DESLINDES\areas_especiales.gdb\DESLINDES_SIGOT\Resguardo_Indigena_SIGOT "Database Connections\srvsigotnal.sde\sigot.SDE.AREAS_ESPECIALES" Resguardo_Indigena_SIGOT # "RICODIGO "RICODIGO" true false false 8 Double 0 0 ,First,#,D:\2012\TRANSFERENCIAS\DESLINDES\areas_especiales.gdb\DESLINDES_SIGOT\Resguardo_Indigena_SIGOT,RICODIGO,-1,-1;RIEXPEDIEN "RIEXPEDIEN" true false false 10 Text 0 0 ,First,#,D:\2012\TRANSFERENCIAS\DESLINDES\areas_especiales.gdb\DESLINDES_SIGOT\Resguardo_Indigena_SIGOT,RIEXPEDIEN,-1,-1;RINOMBRE "RINOMBRE" true false false 70 Text 0 0 ,First,#,D:\2012\TRANSFERENCIAS\DESLINDES\areas_especiales.gdb\DESLINDES_SIGOT\Resguardo_Indigena_SIGOT,RINOMBRE,-1,-1;RIETNIA "RIETNIA" true false false 70 Text 0 0 ,First,#,D:\2012\TRANSFERENCIAS\DESLINDES\areas_especiales.gdb\DESLINDES_SIGOT\Resguardo_Indigena_SIGOT,RIETNIA,-1,-1;RIFAMILIA "RIFAMILIA" true false false 8 Double 0 0 ,First,#,D:\2012\TRANSFERENCIAS\DESLINDES\areas_especiales.gdb\DESLINDES_SIGOT\Resguardo_Indigena_SIGOT,RIFAMILIA,-1,-1;RIAREA "RIAREA" true false false 8 Double 0 0 ,First,#,D:\2012\TRANSFERENCIAS\DESLINDES\areas_especiales.gdb\DESLINDES_SIGOT\Resguardo_Indigena_SIGOT,RIAREA,-1,-1;RICONSTITU "RICONSTITU" true false false 150 Text 0 0 ,First,#,D:\2012\TRANSFERENCIAS\DESLINDES\areas_especiales.gdb\DESLINDES_SIGOT\Resguardo_Indigena_SIGOT,RICONSTITU,-1,-1;RIAMPLIACI "RIAMPLIACI" true false false 150 Text 0 0 ,First,#,D:\2012\TRANSFERENCIAS\DESLINDES\areas_especiales.gdb\DESLINDES_SIGOT\Resguardo_Indigena_SIGOT,RIAMPLIACI,-1,-1;RIRESTRUCT "RIRESTRUCT" true false false 150 Text 0 0 ,First,#,D:\2012\TRANSFERENCIAS\DESLINDES\areas_especiales.gdb\DESLINDES_SIGOT\Resguardo_Indigena_SIGOT,RIRESTRUCT,-1,-1;RIACLARACI "RIACLARACI" true false false 150 Text 0 0 ,First,#,D:\2012\TRANSFERENCIAS\DESLINDES\areas_especiales.gdb\DESLINDES_SIGOT\Resguardo_Indigena_SIGOT,RIACLARACI,-1,-1;AMBITO "AMBITO" true false false 4 Long 0 0 ,First,#,D:\2012\TRANSFERENCIAS\DESLINDES\areas_especiales.gdb\DESLINDES_SIGOT\Resguardo_Indigena_SIGOT,AMBITO,-1,-1;ANO "ANO" true false false 4 Long 0 0 ,First,#,D:\2012\TRANSFERENCIAS\DESLINDES\areas_especiales.gdb\DESLINDES_SIGOT\Resguardo_Indigena_SIGOT,ANO,-1,-1;RIPOBLACIO "RIPOBLACIO" true false false 8 Double 0 0 ,First,#,D:\2012\TRANSFERENCIAS\DESLINDES\areas_especiales.gdb\DESLINDES_SIGOT\Resguardo_Indigena_SIGOT,RIPOBLACIO,-1,-1;RICODLEY "RICODLEY" true false false 10 Text 0 0 ,First,#,D:\2012\TRANSFERENCIAS\DESLINDES\areas_especiales.gdb\DESLINDES_SIGOT\Resguardo_Indigena_SIGOT,RICODLEY,-1,-1;RI_NGLOBOS "RI_NGLOBOS" true false false 15 Text 0 0 ,First,#,D:\2012\TRANSFERENCIAS\DESLINDES\areas_especiales.gdb\DESLINDES_SIGOT\Resguardo_Indigena_SIGOT,RI_NGLOBOS,-1,-1;SHAPE_Length "SHAPE_Length" false true true 8 Double 0 0 ,First,#,D:\2012\TRANSFERENCIAS\DESLINDES\areas_especiales.gdb\DESLINDES_SIGOT\Resguardo_Indigena_SIGOT,SHAPE_Length,-1,-1;SHAPE_Area "SHAPE_Area" false true true 8 Double 0 0 ,First,#,D:\2012\TRANSFERENCIAS\DESLINDES\areas_especiales.gdb\DESLINDES_SIGOT\Resguardo_Indigena_SIGOT,SHAPE_Area,-1,-1" #</Process></lineage><itemProps><itemName Sync="TRUE">sigot.SDE.Resguardo_Indigena_SIGOT</itemName><imsContentType Sync="TRUE">002</imsContentType><itemLocation><linkage Sync="TRUE">Server=srvsigotnal; Service=5153; Database=sigot; User=sde; Version=sde.DEFAULT</linkage><protocol Sync="TRUE">ArcSDE Connection</protocol></itemLocation></itemProps><coordRef><type Sync="TRUE">Projected</type><geogcsn Sync="TRUE">CGS_SIRGAS</geogcsn><projcsn Sync="TRUE">GAUSS_BTA_MAGNA</projcsn><peXml Sync="TRUE">&lt;ProjectedCoordinateSystem xsi:type='typens:ProjectedCoordinateSystem' xmlns:xsi='http://www.w3.org/2001/XMLSchema-instance' xmlns:xs='http://www.w3.org/2001/XMLSchema' xmlns:typens='http://www.esri.com/schemas/ArcGIS/10.0'&gt;&lt;WKT&gt;PROJCS[&amp;quot;GAUSS_BTA_MAGNA&amp;quot;,GEOGCS[&amp;quot;CGS_SIRGAS&amp;quot;,DATUM[&amp;quot;CGS_SIRGAS&amp;quot;,SPHEROID[&amp;quot;GRS_1980&amp;quot;,6378137.0,298.257222101]],PRIMEM[&amp;quot;Greenwich&amp;quot;,0.0],UNIT[&amp;quot;Degree&amp;quot;,0.0174532925199433]],PROJECTION[&amp;quot;Transverse_Mercator&amp;quot;],PARAMETER[&amp;quot;False_Easting&amp;quot;,1000000.0],PARAMETER[&amp;quot;False_Northing&amp;quot;,1000000.0],PARAMETER[&amp;quot;Central_Meridian&amp;quot;,-74.077507917],PARAMETER[&amp;quot;Scale_Factor&amp;quot;,1.0],PARAMETER[&amp;quot;Latitude_Of_Origin&amp;quot;,4.596200417],UNIT[&amp;quot;Meter&amp;quot;,1.0]]&lt;/WKT&gt;&lt;XOrigin&gt;-4623199.998831043&lt;/XOrigin&gt;&lt;YOrigin&gt;-9510299.9973023199&lt;/YOrigin&gt;&lt;XYScale&gt;7812.4999927240415&lt;/XYScale&gt;&lt;ZOrigin&gt;0&lt;/ZOrigin&gt;&lt;ZScale&gt;1&lt;/ZScale&gt;&lt;MOrigin&gt;0&lt;/MOrigin&gt;&lt;MScale&gt;1&lt;/MScale&gt;&lt;XYTolerance&gt;0.008192000007629395&lt;/XYTolerance&gt;&lt;ZTolerance&gt;2.0000000000000002e-005&lt;/ZTolerance&gt;&lt;MTolerance&gt;2.0000000000000002e-005&lt;/MTolerance&gt;&lt;HighPrecision&gt;true&lt;/HighPrecision&gt;&lt;/ProjectedCoordinateSystem&gt;</peXml></coordRef></DataProperties><SyncDate>20130402</SyncDate><SyncTime>11181300</SyncTime><ModDate>20130402</ModDate><ModTime>11181300</ModTime><MetaID>{AE5F1919-C01D-4259-982F-9EB1446641CC}</MetaID></Esri><dataIdInfo><envirDesc Sync="TRUE">Microsoft Windows Server 2008 R2 Version 6.1 (Build 7601) Service Pack 1; ESRI ArcGIS 10.0.0.2414</envirDesc><dataLang><languageCode value="spa" country="ESP"></languageCode></dataLang><idCitation><resTitle Sync="TRUE">sigot.SDE.Resguardo_Indigena_SIGOT</resTitle><presForm><PresFormCd value="005"></PresFormCd></presForm></idCitation><descKeys><thesaName uuidref="723f6998-058e-11dc-8314-0800200c9a66"></thesaName><keyword Sync="TRUE">002</keyword></descKeys><spatRpType><SpatRepTypCd value="001"></SpatRepTypCd></spatRpType></dataIdInfo><mdLang><languageCode value="spa"></languageCode></mdLang><distInfo><distFormat><formatName Sync="TRUE">SDE Feature Class</formatName></distFormat></distInfo><mdHrLv><ScopeCd value="005"></ScopeCd></mdHrLv><mdHrLvName Sync="TRUE">dataset</mdHrLvName><refSysInfo><RefSystem><refSysID><identCode code="0"></identCode></refSysID></RefSystem></refSysInfo><spdoinfo><ptvctinf><esriterm Name="sigot.SDE.Resguardo_Indigena_SIGOT"><efeatyp Sync="TRUE">Simple</efeatyp><efeageom Sync="TRUE">4</efeageom><esritopo Sync="TRUE">FALSE</esritopo><efeacnt Sync="TRUE">0</efeacnt><spindex Sync="TRUE">TRUE</spindex><linrefer Sync="TRUE">FALSE</linrefer></esriterm></ptvctinf></spdoinfo><spatRepInfo><VectSpatRep><topLvl><TopoLevCd value="001"></TopoLevCd></topLvl><geometObjs><geoObjTyp><GeoObjTypCd value="002"></GeoObjTypCd><geoObjCnt Sync="TRUE">0</geoObjCnt></geoObjTyp></geometObjs></VectSpatRep></spatRepInfo><eainfo><detailed Name="sigot.SDE.Resguardo_Indigena_SIGOT"><enttyp><enttypl Sync="TRUE">sigot.SDE.Resguardo_Indigena_SIGOT</enttypl><enttypt Sync="TRUE">Feature Class</enttypt><enttypc Sync="TRUE">0</enttypc></enttyp><attr><attrlabl Sync="TRUE">OBJECTID</attrlabl><attalias Sync="TRUE">OBJECTID</attalias><attrtype Sync="TRUE">OID</attrtype><attwidth Sync="TRUE">4</attwidth><atprecis Sync="TRUE">10</atprecis><attscale Sync="TRUE">0</attscale><attrdef Sync="TRUE">Internal feature number.</attrdef><attrdefs Sync="TRUE">ESRI</attrdefs><attrdomv><udom Sync="TRUE">Sequential unique whole numbers that are automatically generated.</udom></attrdomv></attr><attr><attrlabl Sync="TRUE">RICODIGO</attrlabl><attalias Sync="TRUE">RICODIGO</attalias><attrtype Sync="TRUE">Double</attrtype><attwidth Sync="TRUE">8</attwidth><atprecis Sync="TRUE">38</atprecis><attscale Sync="TRUE">8</attscale></attr><attr><attrlabl Sync="TRUE">RIEXPEDIEN</attrlabl><attalias Sync="TRUE">RIEXPEDIEN</attalias><attrtype Sync="TRUE">String</attrtype><attwidth Sync="TRUE">10</attwidth><atprecis Sync="TRUE">0</atprecis><attscale Sync="TRUE">0</attscale></attr><attr><attrlabl Sync="TRUE">RINOMBRE</attrlabl><attalias Sync="TRUE">RINOMBRE</attalias><attrtype Sync="TRUE">String</attrtype><attwidth Sync="TRUE">70</attwidth><atprecis Sync="TRUE">0</atprecis><attscale Sync="TRUE">0</attscale></attr><attr><attrlabl Sync="TRUE">RIETNIA</attrlabl><attalias Sync="TRUE">RIETNIA</attalias><attrtype Sync="TRUE">String</attrtype><attwidth Sync="TRUE">70</attwidth><atprecis Sync="TRUE">0</atprecis><attscale Sync="TRUE">0</attscale></attr><attr><attrlabl Sync="TRUE">RIFAMILIA</attrlabl><attalias Sync="TRUE">RIFAMILIA</attalias><attrtype Sync="TRUE">Double</attrtype><attwidth Sync="TRUE">8</attwidth><atprecis Sync="TRUE">38</atprecis><attscale Sync="TRUE">8</attscale></attr><attr><attrlabl Sync="TRUE">RIAREA</attrlabl><attalias Sync="TRUE">RIAREA</attalias><attrtype Sync="TRUE">Double</attrtype><attwidth Sync="TRUE">8</attwidth><atprecis Sync="TRUE">38</atprecis><attscale Sync="TRUE">8</attscale></attr><attr><attrlabl Sync="TRUE">RICONSTITU</attrlabl><attalias Sync="TRUE">RICONSTITU</attalias><attrtype Sync="TRUE">String</attrtype><attwidth Sync="TRUE">150</attwidth><atprecis Sync="TRUE">0</atprecis><attscale Sync="TRUE">0</attscale></attr><attr><attrlabl Sync="TRUE">RIAMPLIACI</attrlabl><attalias Sync="TRUE">RIAMPLIACI</attalias><attrtype Sync="TRUE">String</attrtype><attwidth Sync="TRUE">150</attwidth><atprecis Sync="TRUE">0</atprecis><attscale Sync="TRUE">0</attscale></attr><attr><attrlabl Sync="TRUE">RIRESTRUCT</attrlabl><attalias Sync="TRUE">RIRESTRUCT</attalias><attrtype Sync="TRUE">String</attrtype><attwidth Sync="TRUE">150</attwidth><atprecis Sync="TRUE">0</atprecis><attscale Sync="TRUE">0</attscale></attr><attr><attrlabl Sync="TRUE">RIACLARACI</attrlabl><attalias Sync="TRUE">RIACLARACI</attalias><attrtype Sync="TRUE">String</attrtype><attwidth Sync="TRUE">150</attwidth><atprecis Sync="TRUE">0</atprecis><attscale Sync="TRUE">0</attscale></attr><attr><attrlabl Sync="TRUE">AMBITO</attrlabl><attalias Sync="TRUE">AMBITO</attalias><attrtype Sync="TRUE">Integer</attrtype><attwidth Sync="TRUE">4</attwidth><atprecis Sync="TRUE">10</atprecis><attscale Sync="TRUE">0</attscale></attr><attr><attrlabl Sync="TRUE">ANO</attrlabl><attalias Sync="TRUE">ANO</attalias><attrtype Sync="TRUE">Integer</attrtype><attwidth Sync="TRUE">4</attwidth><atprecis Sync="TRUE">10</atprecis><attscale Sync="TRUE">0</attscale></attr><attr><attrlabl Sync="TRUE">RIPOBLACIO</attrlabl><attalias Sync="TRUE">RIPOBLACIO</attalias><attrtype Sync="TRUE">Double</attrtype><attwidth Sync="TRUE">8</attwidth><atprecis Sync="TRUE">38</atprecis><attscale Sync="TRUE">8</attscale></attr><attr><attrlabl Sync="TRUE">RICODLEY</attrlabl><attalias Sync="TRUE">RICODLEY</attalias><attrtype Sync="TRUE">String</attrtype><attwidth Sync="TRUE">10</attwidth><atprecis Sync="TRUE">0</atprecis><attscale Sync="TRUE">0</attscale></attr><attr><attrlabl Sync="TRUE">RI_NGLOBOS</attrlabl><attalias Sync="TRUE">RI_NGLOBOS</attalias><attrtype Sync="TRUE">String</attrtype><attwidth Sync="TRUE">15</attwidth><atprecis Sync="TRUE">0</atprecis><attscale Sync="TRUE">0</attscale></attr><attr><attrlabl Sync="TRUE">Shape</attrlabl><attalias Sync="TRUE">Shape</attalias><attrtype Sync="TRUE">Geometry</attrtype><attwidth Sync="TRUE">4</attwidth><atprecis Sync="TRUE">0</atprecis><attscale Sync="TRUE">0</attscale><attrdef Sync="TRUE">Feature geometry.</attrdef><attrdefs Sync="TRUE">ESRI</attrdefs><attrdomv><udom Sync="TRUE">Coordinates defining the features.</udom></attrdomv></attr><attr><attrlabl Sync="TRUE">Shape.area</attrlabl><attalias Sync="TRUE">Shape.area</attalias><attrtype Sync="TRUE">Double</attrtype><attwidth Sync="TRUE">0</attwidth><atprecis Sync="TRUE">0</atprecis><attscale Sync="TRUE">0</attscale></attr><attr><attrlabl Sync="TRUE">Shape.len</attrlabl><attalias Sync="TRUE">Shape.len</attalias><attrtype Sync="TRUE">Double</attrtype><attwidth Sync="TRUE">0</attwidth><atprecis Sync="TRUE">0</atprecis><attscale Sync="TRUE">0</attscale></attr></detailed></eainfo><mdDateSt Sync="TRUE">20130402</mdDateSt><idinfo><citation><citeinfo><onlink Sync="TRUE"></onlink></citeinfo></citation></idinfo><dataqual><lineage><procstep><procdesc Sync="TRUE">Dataset copied.</procdesc><srcused Sync="TRUE">Server=srvsigotnal; Service=5153; Database=sigot; User=sde; Version=sde.DEFAULT</srcused><date Sync="TRUE">20140401</date><time Sync="TRUE">22410200</time></procstep></lineage></dataqual></metadata>
